{
  "trained_at": "2026-06-11T09:52:33.790847",
  "version": "3.0.0",
  "dataset_samples": 5891,
  "test_samples": 1179,
  "features": [
    "water_level_m",
    "rainfall_mm",
    "hours_rain",
    "tide_level",
    "historical_score",
    "water_level_trend",
    "rain_6h",
    "soil_saturation",
    "month",
    "year_index",
    "month_sin",
    "month_cos",
    "seasonal_risk_score"
  ],
  "new_features_v3": [
    "water_level_trend",
    "rain_6h",
    "soil_saturation"
  ],
  "monthly_risk_profile": {
    "1": 27.5912,
    "2": 34.1003,
    "3": 29.6875,
    "4": 26.1714,
    "5": 29.3003,
    "6": 32.4528,
    "7": 30.1023,
    "8": 35.7745,
    "9": 37.2557,
    "10": 52.1919,
    "11": 35.784,
    "12": 28.812
  },
  "base_year": 2019,
  "results": [
    {
      "name": "random_forest",
      "accuracy": 0.9474130619168787,
      "balanced_accuracy": 0.8986745360649678,
      "f1_weighted": 0.9470200937707531,
      "f1_macro": 0.9060309047156642,
      "precision_weighted": 0.9470563209729903,
      "recall_weighted": 0.9474130619168787,
      "per_class": {
        "critical": {
          "precision": 0.9166666666666666,
          "recall": 0.8380952380952381,
          "f1": 0.8756218905472637
        },
        "high": {
          "precision": 0.8994974874371859,
          "recall": 0.927461139896373,
          "f1": 0.9132653061224489
        },
        "low": {
          "precision": 0.9776021080368906,
          "recall": 0.9853917662682603,
          "f1": 0.9814814814814815
        },
        "medium": {
          "precision": 0.864,
          "recall": 0.84375,
          "f1": 0.8537549407114624
        }
      },
      "auc_roc": 0.9969823372201976,
      "cv_f1_mean": 0.9511105951492185,
      "cv_f1_std": 0.006587843080614213,
      "confusion_matrix": [
        [
          88,
          17,
          0,
          0
        ],
        [
          8,
          179,
          0,
          6
        ],
        [
          0,
          0,
          742,
          11
        ],
        [
          0,
          3,
          17,
          108
        ]
      ]
    },
    {
      "name": "extra_trees",
      "accuracy": 0.9304495335029687,
      "balanced_accuracy": 0.8956435215528216,
      "f1_weighted": 0.9316920027746103,
      "f1_macro": 0.8841418245275432,
      "precision_weighted": 0.9338007465299439,
      "recall_weighted": 0.9304495335029687,
      "per_class": {
        "critical": {
          "precision": 0.8584905660377359,
          "recall": 0.8666666666666667,
          "f1": 0.8625592417061612
        },
        "high": {
          "precision": 0.8963730569948186,
          "recall": 0.8963730569948186,
          "f1": 0.8963730569948186
        },
        "low": {
          "precision": 0.9836734693877551,
          "recall": 0.9601593625498008,
          "f1": 0.9717741935483871
        },
        "medium": {
          "precision": 0.7586206896551724,
          "recall": 0.859375,
          "f1": 0.8058608058608059
        }
      },
      "auc_roc": 0.9944531659228489,
      "cv_f1_mean": 0.9318834815696864,
      "cv_f1_std": 0.008660359380364743,
      "confusion_matrix": [
        [
          91,
          14,
          0,
          0
        ],
        [
          15,
          173,
          0,
          5
        ],
        [
          0,
          0,
          723,
          30
        ],
        [
          0,
          6,
          12,
          110
        ]
      ]
    },
    {
      "name": "xgboost",
      "accuracy": 0.9601357082273113,
      "balanced_accuracy": 0.9241294790305838,
      "f1_weighted": 0.9598396577403921,
      "f1_macro": 0.9304417161590475,
      "precision_weighted": 0.9597162105013919,
      "recall_weighted": 0.9601357082273113,
      "per_class": {
        "critical": {
          "precision": 0.9405940594059405,
          "recall": 0.9047619047619048,
          "f1": 0.9223300970873787
        },
        "high": {
          "precision": 0.9333333333333333,
          "recall": 0.9430051813471503,
          "f1": 0.9381443298969072
        },
        "low": {
          "precision": 0.9802631578947368,
          "recall": 0.9893758300132802,
          "f1": 0.9847984137475215
        },
        "medium": {
          "precision": 0.8943089430894309,
          "recall": 0.859375,
          "f1": 0.8764940239043825
        }
      },
      "auc_roc": 0.998351195708466,
      "cv_f1_mean": 0.9654962502573525,
      "cv_f1_std": 0.0035772143712927934,
      "confusion_matrix": [
        [
          95,
          10,
          0,
          0
        ],
        [
          6,
          182,
          0,
          5
        ],
        [
          0,
          0,
          745,
          8
        ],
        [
          0,
          3,
          15,
          110
        ]
      ]
    },
    {
      "name": "neural_network",
      "accuracy": 0.9346904156064462,
      "balanced_accuracy": 0.8996113367588123,
      "f1_weighted": 0.9354214094064164,
      "f1_macro": 0.8939519141633292,
      "precision_weighted": 0.9365597665339035,
      "recall_weighted": 0.9346904156064462,
      "per_class": {
        "critical": {
          "precision": 0.9019607843137255,
          "recall": 0.8761904761904762,
          "f1": 0.8888888888888888
        },
        "high": {
          "precision": 0.9090909090909091,
          "recall": 0.9326424870466321,
          "f1": 0.9207161125319693
        },
        "low": {
          "precision": 0.9770580296896086,
          "recall": 0.9614873837981408,
          "f1": 0.9692101740294511
        },
        "medium": {
          "precision": 0.7681159420289855,
          "recall": 0.828125,
          "f1": 0.7969924812030075
        }
      },
      "auc_roc": 0.9937647204775241,
      "cv_f1_mean": 0.9289557367502962,
      "cv_f1_std": 0.00931852929943844,
      "confusion_matrix": [
        [
          92,
          13,
          0,
          0
        ],
        [
          10,
          180,
          0,
          3
        ],
        [
          0,
          0,
          724,
          29
        ],
        [
          0,
          5,
          17,
          106
        ]
      ]
    },
    {
      "name": "ensemble",
      "accuracy": 0.9550466497031382,
      "balanced_accuracy": 0.9157606451199889,
      "f1_weighted": 0.9547107249170026,
      "f1_macro": 0.9217803954013688,
      "precision_weighted": 0.9546644854683928,
      "recall_weighted": 0.9550466497031382,
      "per_class": {
        "critical": {
          "precision": 0.93,
          "recall": 0.8857142857142857,
          "f1": 0.9073170731707317
        },
        "high": {
          "precision": 0.9195979899497487,
          "recall": 0.9481865284974094,
          "f1": 0.9336734693877551
        },
        "low": {
          "precision": 0.978891820580475,
          "recall": 0.9853917662682603,
          "f1": 0.9821310390469887
        },
        "medium": {
          "precision": 0.8852459016393442,
          "recall": 0.84375,
          "f1": 0.864
        }
      },
      "auc_roc": 0.9972392243024002,
      "cv_f1_mean": 0.9538830841278949,
      "cv_f1_std": 0.006077292239173529,
      "confusion_matrix": [
        [
          93,
          12,
          0,
          0
        ],
        [
          7,
          183,
          0,
          3
        ],
        [
          0,
          0,
          742,
          11
        ],
        [
          0,
          4,
          16,
          108
        ]
      ]
    }
  ],
  "best_model": "xgboost",
  "selected_model": "xgboost"
}